                  epoch,         train/box_loss,         train/cls_loss,         train/dfl_loss,   metrics/precision(B),      metrics/recall(B),       metrics/mAP50(B),    metrics/mAP50-95(B),           val/box_loss,           val/cls_loss,           val/dfl_loss,                 lr/pg0,                 lr/pg1,                 lr/pg2
                      0,                 1.9186,                 4.2504,                 1.7675,                 0.4778,                0.28299,                0.25845,                0.09385,                 2.1623,                 3.7433,                 2.0045,             0.00041519,             0.00041519,             0.00041519
                      1,                 1.9228,                  3.613,                 1.8065,                0.43498,                0.26505,                 0.1896,                0.07539,                  2.069,                   3.64,                   2.02,             0.00083021,             0.00083021,             0.00083021
                      2,                 1.9903,                 3.2909,                 1.8292,                0.48293,                0.29751,                0.21415,                0.07487,                  2.256,                 2.8608,                 2.0817,              0.0012436,              0.0012436,              0.0012436
                      3,                 1.9076,                 3.0278,                 1.7759,                0.70497,                0.21354,                0.26002,                0.10623,                 2.0948,                 3.0834,                 2.0176,              0.0012426,              0.0012426,              0.0012426
                      4,                 1.9147,                 2.8834,                 1.7803,                0.44181,                0.34549,                0.25032,                0.09619,                 2.1803,                 3.4845,                 2.0775,              0.0012426,              0.0012426,              0.0012426
                      5,                 1.9092,                 2.6411,                 1.8263,                0.95854,                 0.1834,                0.29356,                0.12345,                 2.1218,                 2.5895,                  2.059,              0.0012401,              0.0012401,              0.0012401
